Name,Slug,Image,Category
iQ,iq,http://ultavo.invanos.net/wp-content/uploads/2016/12/iQ.jpg,Amina
LiFi,lifi,http://ultavo.invanos.net/wp-content/uploads/2016/12/LiFi.jpg,Amina
MOBIUS,mobius,http://ultavo.invanos.net/wp-content/uploads/2016/12/MOBIUS.jpg,Amina
SUBWOOFERS,subwoofers,http://ultavo.invanos.net/wp-content/uploads/2016/12/SUBWOOFERS.png,Amina
CODEX,codex,http://ultavo.invanos.net/wp-content/uploads/2016/12/CODEX.jpg,Audio Physic
SHERPA V,sherpa_v,http://ultavo.invanos.net/wp-content/uploads/2016/12/SHERPA-V.jpg,Audio Physic
VCF_V_MAGNETIC,vcf_v_magnetic,http://ultavo.invanos.net/wp-content/uploads/2016/12/VCF_V_MAGNETIC.jpg,Audio Physic
DUO MEZZO,duo_mezzo,http://ultavo.invanos.net/wp-content/uploads/2016/12/DUO-MEZZO.jpg,Avantgarde Acoustics
DUO PRIMO,duo_primo,http://ultavo.invanos.net/wp-content/uploads/2016/12/DUO-PRIMO.jpg,Avantgarde Acoustics
TRIO CLASSICO,trio_classico,http://ultavo.invanos.net/wp-content/uploads/2016/12/TRIO-CLASSICO.jpg,Avantgarde Acoustics
UNO FINO,uno_fino,http://ultavo.invanos.net/wp-content/uploads/2016/12/UNO-FINO.jpg,Avantgarde Acoustics
Effeqt CS,effeqt_cs,http://ultavo.invanos.net/wp-content/uploads/2016/12/Effeqt-CS.jpg,Ceratec
Effeqt Micro W,effeqt_micro_w,http://ultavo.invanos.net/wp-content/uploads/2016/12/Effeqt-Micro-W.jpg,Ceratec
Effeqt,effeqt,http://ultavo.invanos.net/wp-content/uploads/2016/12/Effeqt.jpg,Ceratec
Venom,venom,http://ultavo.invanos.net/wp-content/uploads/2016/12/Venom.jpg,Ceratec
AW440,aw440,http://ultavo.invanos.net/wp-content/uploads/2016/12/AW440.jpg,Garvan Acoustic
SN115,sn115,http://ultavo.invanos.net/wp-content/uploads/2016/12/SN115.jpg,Garvan Acoustic
SNW16M,snw16m,http://ultavo.invanos.net/wp-content/uploads/2016/12/SNW16M.jpg,Garvan Acoustic
SNW513,snw513,http://ultavo.invanos.net/wp-content/uploads/2016/12/SNW513.jpg,Garvan Acoustic
WAE221,wae221,http://ultavo.invanos.net/wp-content/uploads/2016/12/WAE221.jpg,Garvan Acoustic
Telos 250+,telos_250+,http://ultavo.invanos.net/wp-content/uploads/2016/12/Telos-250.jpg,Goldmund
Telos 1000+,telos_1000+,http://ultavo.invanos.net/wp-content/uploads/2016/12/Telos-1000.jpg,Goldmund
Telos 3500+,telos_3500+,http://ultavo.invanos.net/wp-content/uploads/2016/12/Telos-3500.jpg,Goldmund
Telos Headphone Amplifier 2,telos_headphone_amplifier_2,http://ultavo.invanos.net/wp-content/uploads/2016/12/Telos-Headphone-Amplifier-2.jpg,Goldmund
Audio Core 200,audio_core_200,http://ultavo.invanos.net/wp-content/uploads/2016/12/Audio-Core-200.jpg,Meridian
Meridian Ultra Dac,meridian_ultra_dac,http://ultavo.invanos.net/wp-content/uploads/2016/12/Meridian-Ultra-Dac.jpg,Meridian
SPECIAL EDITION DSP7200 DIGITAL ACTIVE LOUDSPEAKER,special_edition_dsp7200_digital_active_loudspeaker,http://ultavo.invanos.net/wp-content/uploads/2016/12/SPECIAL-EDITION-DSP7200-DIGITAL-ACTIVE-LOUDSPEAKER.jpg,Meridian
SPECIAL EDITION DSP8000 DIGITAL ACTIVE LOUDSPEAKER,special_edition_dsp8000_digital_active_loudspeaker,http://ultavo.invanos.net/wp-content/uploads/2016/12/SPECIAL-EDITION-DSP8000-DIGITAL-ACTIVE-LOUDSPEAKER.jpg,Meridian
K-5LCRSd,k-5lcrsd,http://ultavo.invanos.net/wp-content/uploads/2016/12/K-5LCRSd.jpg,Preference Audio
K-8LCRS,k-8lcrs,http://ultavo.invanos.net/wp-content/uploads/2016/12/K-8LCRS.jpg,Preference Audio
P-500Xb,p-500xb,http://ultavo.invanos.net/wp-content/uploads/2016/12/P-500Xb.jpg,Preference Audio
P-1200,p-1200,http://ultavo.invanos.net/wp-content/uploads/2016/12/P-1200.jpg,Preference Audio
CLIENT EVO,client_evo,http://ultavo.invanos.net/wp-content/uploads/2016/12/CLIENT-EVO.png,Zingali Acoustics
Home Monitor,home_monitor,http://ultavo.invanos.net/wp-content/uploads/2016/12/Home-Monitor.jpg,Zingali Acoustics
TWENTY EVO,twenty_evo,http://ultavo.invanos.net/wp-content/uploads/2016/12/TWENTY-EVO.jpg,Zingali Acoustics
